{
 "Open":{
  "count":846.0,
  "mean":1734.0663458281,
  "std":1429.0238565566,
  "min":110.4067840576,
  "25%":321.1961975098,
  "50%":1717.1015625,
  "75%":2991.8475952148,
  "max":4810.0712890625
 },
 "High":{
  "count":846.0,
  "mean":1791.6367175867,
  "std":1471.6294349532,
  "min":116.0216217041,
  "25%":339.5861053467,
  "50%":1775.9999389648,
  "75%":3086.1754150391,
  "max":4891.7045898438
 },
 "Low":{
  "count":846.0,
  "mean":1670.1975655792,
  "std":1379.4641234691,
  "min":95.1843032837,
  "25%":316.0069122314,
  "50%":1666.7409667969,
  "75%":2921.5822753906,
  "max":4718.0390625
 },
 "Close":{
  "count":846.0,
  "mean":1737.0680338271,
  "std":1427.8990879396,
  "min":110.6058731079,
  "25%":324.7822341919,
  "50%":1720.90234375,
  "75%":2999.1909179688,
  "max":4812.0874023438
 },
 "Adj Close":{
  "count":846.0,
  "mean":1737.0680338271,
  "std":1427.8990879396,
  "min":110.6058731079,
  "25%":324.7822341919,
  "50%":1720.90234375,
  "75%":2999.1909179688,
  "max":4812.0874023438
 },
 "Volume":{
  "count":846.0,
  "mean":20002381026.6418457031,
  "std":10665119292.3649082184,
  "min":5109032700.0,
  "25%":12882832075.25,
  "50%":17355708657.5,
  "75%":23834697365.25,
  "max":84482912776.0
 },
 "precio_medio":{
  "count":846.0,
  "mean":1733.2421657053,
  "std":1425.987834784,
  "min":113.4361495972,
  "25%":328.1680355072,
  "50%":1704.460067749,
  "75%":3005.1794128418,
  "max":4775.1921386719
 },
 "vol_mln_usd":{
  "count":846.0,
  "mean":39155907.1619385332,
  "std":40416778.7931134105,
  "min":1000072.0,
  "25%":4525356.25,
  "50%":35424223.0,
  "75%":62661544.25,
  "max":296463585.0
 }
}